id,first_name,last_name,email,color,Home Address,City,State,Zip Code,Date
1,Hugo,Imesson,himesson0@twitter.com,Violet,460 Northland Place,North Las Vegas,Nevada,89036,7/22/2017
2,Merlina,Morl,mmorl1@state.gov,Maroon,3 Hanover Pass,Los Angeles,California,90010,7/27/2017
3,Granthem,Felkin,gfelkin2@merriam-webster.com,Red,338 Glendale Park,Long Beach,California,90847,4/29/2018
4,Erhart,Macewan,emacewan3@go.com,Teal,1 Lawn Pass,Glendale,California,91210,8/18/2017
5,Christy,Hallmark,challmark4@independent.co.uk,Mauv,3 Shopko Pass,Bakersfield,California,93399,10/13/2017
6,Shannon,Mablestone,smablestone5@hibu.com,Blue,2 Summit Point,Redwood City,California,94064,3/18/2018
7,Giacopo,Hehnke,ghehnke6@harvard.edu,Crimson,02458 Mccormick Lane,Torrance,California,90505,8/15/2017
8,Isa,Addey,iaddey7@fema.gov,Purple,08 Ridgeview Court,Fresno,California,93721,12/31/2017
9,Antonius,Fullard,afullard8@ning.com,Fuscia,5074 Gina Crossing,Sparks,Nevada,89436,8/2/2017
10,Natalya,Crayton,ncrayton9@a8.net,Teal,7 Hanover Road,Las Vegas,Nevada,89166,4/23/2018
11,Jodi,Jados,jjadosa@home.pl,Purple,787 Anthes Court,Pasadena,California,91125,4/1/2018
12,Ilise,Cackett,icackettb@clickbank.net,Puce,56607 Swallow Road,Monroe,Louisiana,71208,6/7/2017
13,Ceciley,Sodo,csodoc@berkeley.edu,Khaki,8 Cherokee Crossing,Indianapolis,Indiana,46231,1/16/2018
14,Early,Brombell,ebrombelld@sciencedirect.com,Turquoise,8 Schiller Terrace,Saint Louis,Missouri,63196,1/25/2018
15,Christoforo,Ferrino,cferrinoe@apache.org,Green,873 Buena Vista Way,Bethesda,Maryland,20892,8/20/2017
16,Anallese,Jalland,ajallandf@biglobe.ne.jp,Red,602 Union Plaza,Concord,California,94522,8/27/2017
17,Ashley,Ricker,arickerg@google.it,Orange,4 Tomscot Place,Evansville,Indiana,47719,12/5/2017
20,Tonye,Parmenter,tparmenterj@blogspot.com,Indigo,0965 Melody Point,Falls Church,Virginia,22047,2/6/2018
21,Abraham,Dullard,adullardk@livejournal.com,Fuscia,03 Moland Pass,Battle Creek,Michigan,49018,2/13/2018
22,Darbie,Prescott,dprescottl@hubpages.com,Crimson,7980 Fairview Hill,Fort Pierce,Florida,34981,3/5/2018
23,Ulrike,Pawellek,upawellekm@ucoz.ru,Green,18 Manitowish Pass,Shawnee Mission,Kansas,66276,12/16/2017
24,Daniella,Marikhin,dmarikhinn@elpais.com,Indigo,78989 1st Crossing,Saint Cloud,Minnesota,56398,6/25/2017
26,Kylie,Smallwood,ksmallwoodp@cbslocal.com,Crimson,488 Declaration Crossing,Ocala,Florida,34474,3/10/2018
27,Beret,Schops,bschopsq@nba.com,Crimson,62 Shoshone Center,Orlando,Florida,32803,3/6/2018
28,Rosalia,Dikles,rdiklesr@cyberchimps.com,Fuscia,19 Corry Way,Harrisburg,Pennsylvania,17105,8/17/2017
29,Terrel,Mohring,tmohrings@ox.ac.uk,Maroon,6 Comanche Plaza,New York City,New York,10060,4/29/2018
30,Jenine,Kenrick,jkenrickt@bigcartel.com,Puce,4 Mendota Parkway,Hampton,Virginia,23668,3/22/2018
31,Bobby,Levinge,blevingeu@apple.com,Aquamarine,88920 8th Parkway,Augusta,Georgia,30905,8/15/2017
32,Suzanne,Bowller,sbowllerv@bloglines.com,Puce,42 Ronald Regan Crossing,San Francisco,California,94116,3/23/2018
33,Colby,Bonwell,cbonwellw@amazon.com,Violet,919 Nova Road,Allentown,Pennsylvania,18105,6/5/2017
34,Griffie,Piercy,gpiercyx@wikispaces.com,Violet,665 Dryden Court,Saint Paul,Minnesota,55166,8/14/2017
35,Kata,Cotherill,kcotherilly@barnesandnoble.com,Yellow,86947 Village Parkway,Jackson,Mississippi,39282,2/19/2018
36,Babara,Castella,bcastellaz@accuweather.com,Purple,9162 Atwood Circle,Atlanta,Georgia,30316,11/11/2017
37,Tove,Tullot,ttullot10@fema.gov,Purple,53 Schlimgen Pass,Amarillo,Texas,79171,7/21/2017
38,Christal,Fassmann,cfassmann11@artisteer.com,Maroon,87 2nd Hill,Carol Stream,Illinois,60158,3/8/2018
39,Lola,Bittany,lbittany12@list-manage.com,Mauv,942 Kensington Point,San Antonio,Texas,78240,10/6/2017
40,Karola,Geane,kgeane13@nhs.uk,Puce,40339 Hovde Pass,Myrtle Beach,South Carolina,29579,9/9/2017
41,Thurston,Rickard,trickard14@shinystat.com,Crimson,94541 Morning Point,Rochester,New York,14604,12/18/2017
42,Willy,McLevie,wmclevie15@360.cn,Orange,24509 Iowa Drive,Detroit,Michigan,48211,5/15/2017
43,Sisely,Hobbing,shobbing16@diigo.com,Yellow,2821 Old Gate Court,Cincinnati,Ohio,45249,12/29/2017
44,Madella,Sich,msich17@surveymonkey.com,Violet,679 Amoth Lane,San Bernardino,California,92415,5/21/2017
45,Laurel,Bysh,lbysh18@sun.com,Orange,4 Sundown Park,Henderson,Nevada,89012,1/14/2018
46,Angel,Savell,asavell19@yolasite.com,Green,3 Mosinee Point,Phoenix,Arizona,85053,7/2/2017
47,Luz,Jewster,ljewster1a@chronoengine.com,Green,5 Erie Court,Arlington,Virginia,22244,4/12/2018
48,Georgi,Blaske,gblaske1b@columbia.edu,Puce,90 Mccormick Avenue,Sioux Falls,South Dakota,57188,8/25/2017
49,Roobbie,Audenis,raudenis1c@ibm.com,Yellow,8583 Buell Avenue,Delray Beach,Florida,33448,4/18/2018
50,Dorolisa,Joselevitch,djoselevitch1d@bbc.co.uk,Puce,417 High Crossing Parkway,Spartanburg,South Carolina,29305,3/2/2018
50,Edward,Le Fevre,elefevre1d@tinyurl.com,Orange,95 Eastlawn Circle,Oakland,California,94627,2/22/2018
51,Celinka,Fusedale,cfusedale1e@sitemeter.com,Goldenrod,14667 Hansons Lane,Fresno,California,93709,7/1/2017
52,Margi,Wear,mwear1f@feedburner.com,Aquamarine,005 Quincy Hill,Ventura,California,93005,4/18/2018
53,Dulcea,Demageard,ddemageard1g@github.com,Fuscia,48487 Northridge Junction,Los Angeles,California,90015,10/26/2017
54,Scarlett,Panting,spanting1h@fastcompany.com,Puce,113 Washington Court,Stockton,California,95298,5/28/2017
55,Honey,Matuszinski,hmatuszinski1i@reverbnation.com,Crimson,5 Badeau Parkway,San Francisco,California,94105,11/30/2017
56,Abby,Hindmore,ahindmore1j@squidoo.com,Puce,49332 Onsgard Park,Henderson,Nevada,89074,2/17/2018
57,Nissa,Jacobi,njacobi1k@cdc.gov,Khaki,57 Dapin Street,Stockton,California,95298,8/31/2017
58,Julio,O'Driscole,jodriscole1l@princeton.edu,Pink,609 Lake View Street,San Diego,California,92121,1/5/2018
59,Thurston,Choake,tchoake1m@sphinn.com,Violet,42 Montana Pass,Torrance,California,90505,5/20/2017
60,Irene,Lethieulier,ilethieulier1n@macromedia.com,Turquoise,12 Arapahoe Park,Pasadena,California,91199,12/18/2017
61,Celeste,McAloren,cmcaloren1o@un.org,Yellow,482 Fisk Park,Long Beach,California,90805,6/28/2017
62,Tarra,Jagels,tjagels1p@google.pl,Blue,39030 5th Crossing,Las Vegas,Nevada,89155,11/5/2017
63,Grayce,Bissill,gbissill1q@gov.uk,Red,56742 Jenifer Drive,Sacramento,California,94207,4/7/2018
64,Latrina,Guymer,lguymer1r@yolasite.com,Blue,495 Merchant Hill,Salem,Oregon,97312,2/22/2018
65,Maggie,Ney,mney1s@deviantart.com,Orange,04 Di Loreto Road,Bakersfield,California,93311,4/19/2018
66,Elli,Hritzko,ehritzko1t@odnoklassniki.ru,Crimson,8251 Schlimgen Hill,Las Vegas,Nevada,89115,7/26/2017
67,Damita,Mattiazzo,dmattiazzo1u@opera.com,Yellow,911 Elmside Lane,San Jose,California,95138,11/14/2017
68,Jess,Padginton,jpadginton1v@epa.gov,Maroon,1804 Bonner Parkway,Long Beach,California,90840,7/24/2017
69,Dorthy,Brende,dbrende1w@spotify.com,Khaki,2219 Norway Maple Avenue,San Jose,California,95123,10/7/2017
70,Claresta,Briton,cbriton1x@nifty.com,Violet,0 Bluestem Plaza,Chico,California,95973,3/26/2018
71,Calhoun,Stell,cstell1y@nymag.com,Teal,2424 Golden Leaf Center,San Diego,California,92127,8/23/2017
72,Nikita,Boagey,nboagey1z@macromedia.com,Turquoise,672 Drewry Park,San Mateo,California,94405,7/30/2017
73,Weidar,Vickar,wvickar20@psu.edu,Red,9726 Grasskamp Crossing,Oakland,California,94660,2/6/2018
74,Gian,Siggee,gsiggee21@answers.com,Violet,6156 Corben Park,Reno,Nevada,89510,11/17/2017
75,Laureen,Balstone,lbalstone22@berkeley.edu,Maroon,8165 Kinsman Alley,Los Angeles,California,90076,9/9/2017
76,Chrisse,Desborough,cdesborough23@google.com.br,Khaki,456 Dahle Circle,Las Vegas,Nevada,89110,3/24/2018
77,Myrlene,Asals,masals24@myspace.com,Khaki,95586 Eastlawn Alley,Orange,California,92668,11/30/2017
78,Jacinda,Lindenbluth,jlindenbluth25@amazon.co.uk,Indigo,4651 Kingsford Point,Portland,Oregon,97201,6/22/2017
79,Nathan,Bodycomb,nbodycomb26@shinystat.com,Indigo,00186 Donald Terrace,Petaluma,California,94975,1/6/2018
80,Elissa,Worge,eworge27@adobe.com,Turquoise,51 Charing Cross Point,San Jose,California,95118,6/13/2017
81,Clementia,Apdell,capdell28@businesswire.com,Indigo,02 Hermina Junction,San Diego,California,92186,5/11/2018
83,Heda,Copland,hcopland2a@topsy.com,Turquoise,99 Becker Alley,Northridge,California,91328,11/7/2017
84,Charmaine,Targe,ctarge2b@phoca.cz,Purple,8 Dahle Street,Petaluma,California,94975,11/9/2017
85,Michel,Pic,mpic2c@earthlink.net,Indigo,10008 Thierer Way,Glendale,California,91205,7/17/2017
86,Igor,Wethey,iwethey2d@flickr.com,Yellow,36 Heffernan Lane,San Diego,California,92176,5/25/2017
87,Sherman,Brennen,sbrennen2e@sfgate.com,Pink,6 Village Green Alley,Riverside,California,92519,1/18/2018
88,Letta,Thornhill,lthornhill2f@addtoany.com,Violet,50 Loeprich Pass,Las Vegas,Nevada,89150,1/1/2018
89,Cassie,Demoge,cdemoge2g@ovh.net,Violet,15553 Farwell Way,Fresno,California,93762,2/9/2018
90,Mariann,Aldrick,maldrick2h@tinyurl.com,Red,6 Chinook Circle,Stockton,California,95205,3/9/2018
91,Melly,Duigenan,mduigenan2i@harvard.edu,Indigo,721 Graceland Drive,Los Angeles,California,90087,7/10/2017
92,Leyla,Coggles,lcoggles2j@unc.edu,Mauv,4350 Anzinger Crossing,San Bernardino,California,92410,7/8/2017
93,Aubry,Rawcliffe,arawcliffe2k@moonfruit.com,Blue,1215 Autumn Leaf Trail,Van Nuys,California,91411,6/6/2017
94,Lynn,Maddison,lmaddison2l@instagram.com,Goldenrod,91 Scott Avenue,San Diego,California,92160,7/24/2017
95,Omar,Sowman,osowman2m@mtv.com,Red,72144 Hazelcrest Court,San Francisco,California,94169,5/10/2018
96,Tommie,Le Floch,tlefloch2n@mail.ru,Aquamarine,45 Donald Pass,Carson City,Nevada,89706,3/7/2018
97,Roxi,Belin,rbelin2o@bigcartel.com,Red,0342 Ramsey Road,Sacramento,California,94297,10/3/2017
98,Gayleen,Hackwell,ghackwell2p@delicious.com,Green,9117 Montana Lane,Richmond,California,94807,5/6/2018
99,Ferdie,Kenan,fkenan2q@cloudflare.com,Yellow,64513 Eagle Crest Pass,Long Beach,California,90831,10/27/2017
100,Reyna,Morales,rmorales2r@dropbox.com,Maroon,7596 Del Sol Park,Oxnard,California,93034,6/7/2017
101,Addison,Jugging,ajugging2s@facebook.com,Goldenrod,1 Eagle Crest Point,San Jose,California,95155,6/1/2017
102,Vincent,Bosson,vbosson2t@oaic.gov.au,Indigo,850 Spohn Center,Portland,Oregon,97201,3/12/2018
103,Brooke,Winterborne,bwinterborne2u@unicef.org,Goldenrod,343 Mendota Place,Irvine,California,92612,7/30/2017
104,Rodolphe,Croston,rcroston2v@histats.com,Violet,7609 Porter Point,Oakland,California,94605,8/23/2017
105,Dorie,Blanshard,dblanshard2w@google.it,Puce,073 Heffernan Court,San Rafael,California,94913,7/12/2017
106,Sibel,Fayerman,sfayerman2x@redcross.org,Violet,8667 Mayer Court,San Francisco,California,94142,9/30/2017
107,Phillipp,Maisey,pmaisey2y@list-manage.com,Violet,2 Stone Corner Drive,Los Angeles,California,90081,7/1/2017
108,Morganica,Cowpe,mcowpe2z@multiply.com,Goldenrod,32548 Spaight Way,San Diego,California,92115,3/19/2018
109,Corinna,Vokins,cvokins30@nsw.gov.au,Blue,4 Welch Alley,Pasadena,California,91186,4/8/2018
110,Gonzales,Gibbings,ggibbings31@nbcnews.com,Red,70 Merry Way,Corona,California,92883,8/2/2017
111,Brod,Murphey,bmurphey32@wired.com,Purple,8035 Starling Avenue,Portland,Oregon,97206,1/4/2018
112,Perrine,Newham,pnewham33@dedecms.com,Purple,837 Maywood Center,Las Vegas,Nevada,89135,6/1/2017
113,Bevin,Peres,bperes34@ocn.ne.jp,Purple,9 Dennis Road,San Francisco,California,94177,8/12/2017
114,Charity,Flaonier,cflaonier35@comcast.net,Violet,3529 Kingsford Circle,Las Vegas,Nevada,89160,12/22/2017
115,Con,Rosenblum,crosenblum36@mail.ru,Maroon,349 Almo Plaza,Fresno,California,93721,2/6/2018
116,Melody,Flux,mflux37@mac.com,Mauv,14356 Stuart Drive,Pasadena,California,91103,11/10/2017
117,Dale,Churchley,dchurchley38@vkontakte.ru,Puce,2 Donald Plaza,Riverside,California,92513,5/6/2018
118,Sallie,Burgh,sburgh39@census.gov,Pink,13 Hayes Road,San Jose,California,95123,3/7/2018
119,Trula,Bigby,tbigby3a@biglobe.ne.jp,Teal,0518 Morrow Way,Reno,Nevada,89510,4/30/2018
120,Elsa,Camerati,ecamerati3b@google.pl,Turquoise,95 Carpenter Parkway,Beaverton,Oregon,97075,4/10/2018
121,Ringo,Knewstub,rknewstub3c@jigsy.com,Fuscia,4094 Elka Crossing,Chula Vista,California,91913,1/10/2018
122,Theda,Baruch,tbaruch3d@sakura.ne.jp,Green,58181 Reinke Street,Sacramento,California,94291,1/30/2018
123,Rosaleen,Skinley,rskinley3e@cpanel.net,Crimson,322 Village Green Crossing,North Las Vegas,Nevada,89036,6/24/2017
124,Andonis,Rheubottom,arheubottom3f@slashdot.org,Orange,3683 Crest Line Court,Pasadena,California,91125,5/17/2017
125,Shanda,Marjanski,smarjanski3g@zdnet.com,Maroon,04 Merry Hill,San Jose,California,95150,3/22/2018
126,Felicio,Morrel,fmorrel3h@myspace.com,Puce,3082 Superior Road,Reno,Nevada,89519,1/21/2018
127,Kakalina,Brennans,kbrennans3i@github.io,Red,65 Troy Junction,Pasadena,California,91103,6/6/2017
128,Lorin,Cabera,lcabera3j@wisc.edu,Indigo,33508 Mandrake Pass,San Francisco,California,94159,7/2/2017
129,Darin,Ansley,dansley3k@godaddy.com,Crimson,3028 Starling Avenue,Stockton,California,95205,12/30/2017
130,Manolo,Clementet,mclementet3l@amazon.co.uk,Khaki,0 Schiller Park,North Las Vegas,Nevada,89087,12/19/2017
131,Baron,Sandey,bsandey3m@elegantthemes.com,Puce,848 Lerdahl Terrace,San Diego,California,92145,7/21/2017
132,Anastasie,Yellowley,ayellowley3n@intel.com,Turquoise,71056 Park Meadow Way,Las Vegas,Nevada,89135,6/2/2017
133,Brita,Jarley,bjarley3o@aol.com,Fuscia,3218 Hayes Point,Fresno,California,93794,8/19/2017
134,Karie,Lightwing,klightwing3p@discuz.net,Mauv,13777 Waxwing Avenue,Portland,Oregon,97206,1/1/2018
135,Bonny,Winney,bwinney3q@latimes.com,Green,461 Parkside Parkway,Northridge,California,91328,10/26/2017
136,Bertine,Gascoyne,bgascoyne3r@wisc.edu,Goldenrod,55 Goodland Place,Los Angeles,California,90010,8/22/2017
137,Anastassia,Hawkridge,ahawkridge3s@wikipedia.org,Indigo,5 Oak Plaza,Salinas,California,93907,3/21/2018
138,Dylan,Sallans,dsallans3t@oakley.com,Crimson,227 Gateway Park,San Francisco,California,94147,9/11/2017
139,Simon,Deverson,sdeverson3u@dot.gov,Teal,9434 Dayton Parkway,Irvine,California,92717,1/19/2018
140,Hatti,Walkling,hwalkling3v@dagondesign.com,Khaki,1 Buhler Place,Los Angeles,California,90071,11/12/2017
141,Normand,Normadell,nnormadell3w@msu.edu,Teal,34 Maywood Parkway,Fresno,California,93794,9/12/2017
142,Kizzie,Beckham,kbeckham3x@nytimes.com,Fuscia,3 Toban Place,Portland,Oregon,97255,3/29/2018
143,Ursala,Trayford,utrayford3y@theguardian.com,Aquamarine,2 Ohio Place,Sacramento,California,94237,9/3/2017
144,Vonnie,Genese,vgenese3z@tiny.cc,Violet,14 Schurz Lane,San Luis Obispo,California,93407,7/30/2017
145,Brocky,Malham,bmalham40@ustream.tv,Violet,877 Jenna Pass,Oceanside,California,92056,9/17/2017
146,Vaughan,Tidgewell,vtidgewell41@cpanel.net,Pink,4963 Cherokee Plaza,Pasadena,California,91186,9/26/2017
147,Lockwood,Winterborne,lwinterborne42@woothemes.com,Turquoise,5668 Ilene Point,Fullerton,California,92835,8/5/2017
148,Tristam,Greiser,tgreiser43@desdev.cn,Maroon,85104 Huxley Way,Irvine,California,92710,12/9/2017
149,Garrot,Girodin,ggirodin44@cargocollective.com,Khaki,6 Del Sol Pass,San Jose,California,95118,6/18/2017
150,Alejandrina,Faraday,afaraday45@4shared.com,Goldenrod,892 Maple Center,Henderson,Nevada,89074,7/11/2017
151,Babbie,Beedham,bbeedham46@earthlink.net,Green,59042 Sauthoff Hill,Whittier,California,90610,10/27/2017
152,Deloris,Turfes,dturfes47@ocn.ne.jp,Aquamarine,24030 Buhler Park,Portland,Oregon,97201,10/6/2017
153,Erroll,Chipchase,echipchase48@ovh.net,Red,6 South Place,Las Vegas,Nevada,89166,3/28/2018
154,Mirabel,Staddom,mstaddom49@thetimes.co.uk,Red,43616 Calypso Avenue,Simi Valley,California,93094,11/4/2017
155,Clemente,Lanchberry,clanchberry4a@slashdot.org,Pink,342 Jenifer Terrace,San Diego,California,92127,10/23/2017
156,Caresa,Lowdes,clowdes4b@seattletimes.com,Aquamarine,149 Hovde Plaza,Anaheim,California,92825,2/3/2018
157,Tiffany,Iveagh,tiveagh4c@nhs.uk,Indigo,36002 Dottie Avenue,Los Angeles,California,90055,2/2/2018
158,Lizzy,Kniveton,lkniveton4d@google.com.br,Khaki,0 Tennyson Plaza,Sacramento,California,94286,10/1/2017
159,Lorenza,Hardingham,lhardingham4e@miitbeian.gov.cn,Indigo,243 Evergreen Road,Sacramento,California,94273,1/22/2018
160,Quinlan,Durdan,qdurdan4f@prweb.com,Teal,9950 Jay Place,Las Vegas,Nevada,89105,4/13/2018
161,Byrle,Hintze,bhintze4g@cnet.com,Maroon,89278 Toban Park,Anaheim,California,92825,6/22/2017
162,Blondy,Danielski,bdanielski4h@nps.gov,Blue,58846 Doe Crossing Junction,San Jose,California,95150,11/1/2017
163,Evelyn,Eichmann,eeichmann4i@github.com,Pink,91339 Lake View Plaza,Oakland,California,94627,12/5/2017
164,Brigit,Bettridge,bbettridge4j@wikimedia.org,Fuscia,22428 Sutherland Point,Henderson,Nevada,89074,10/16/2017
165,Elizabet,Murrock,emurrock4k@so-net.ne.jp,Teal,41 Utah Terrace,Los Angeles,California,90050,3/20/2018
166,Artur,Derell,aderell4l@reverbnation.com,Fuscia,656 Meadow Valley Drive,Portland,Oregon,97271,12/27/2017
167,Paulette,Tosspell,ptosspell4m@canalblog.com,Turquoise,09796 Sauthoff Lane,San Diego,California,92127,7/11/2017
168,Wynne,Stannett,wstannett4n@ihg.com,Puce,085 Kedzie Pass,Las Vegas,Nevada,89105,10/15/2017
169,Pearla,Trimnell,ptrimnell4o@yale.edu,Pink,7 Old Gate Parkway,San Diego,California,92115,9/30/2017
170,Garold,Shitliffe,gshitliffe4p@illinois.edu,Puce,4 Bayside Pass,Irvine,California,92710,7/4/2017
171,Abigael,Millsap,amillsap4q@dot.gov,Blue,67580 Monument Alley,Reno,Nevada,89550,10/24/2017
172,Rosie,Poytress,rpoytress4r@spiegel.de,Yellow,15 Schmedeman Road,Sacramento,California,94257,5/26/2017
173,Dougy,de Marco,ddemarco4s@jalbum.net,Maroon,4 Duke Center,Torrance,California,90510,8/25/2017
174,Novelia,Neumann,nneumann4t@marriott.com,Crimson,902 Rowland Trail,Sacramento,California,94280,10/18/2017
175,Pollyanna,Lynskey,plynskey4u@reverbnation.com,Maroon,2091 Westerfield Place,Los Angeles,California,90030,12/5/2017
176,Morgan,Hammersley,mhammersley4v@qq.com,Fuscia,2 Melrose Alley,San Diego,California,92127,1/26/2018
177,Yance,Jesper,yjesper4w@wikia.com,Khaki,3116 Granby Alley,Portland,Oregon,97255,3/7/2018
178,Erena,Bannerman,ebannerman4x@geocities.jp,Green,0 Pine View Hill,Riverside,California,92505,2/21/2018
179,Othella,Wilsee,owilsee4y@who.int,Violet,418 Clarendon Way,Bakersfield,California,93305,5/28/2017
180,Marybelle,Walsom,mwalsom4z@wordpress.com,Puce,82 Mccormick Circle,Ventura,California,93005,10/17/2017
181,Obadias,Daud,odaud50@unblog.fr,Teal,32581 Clyde Gallagher Hill,Sacramento,California,95813,6/14/2017
182,Annaliese,Hark,ahark51@army.mil,Pink,33564 Sheridan Place,Fresno,California,93778,2/28/2018
183,Ynes,Orme,yorme52@hao123.com,Mauv,67910 Valley Edge Plaza,Long Beach,California,90810,10/29/2017
184,Harriot,Moncreiff,hmoncreiff53@marriott.com,Orange,3480 Dovetail Point,Los Angeles,California,90071,3/16/2018
185,Ira,Remmer,iremmer54@sitemeter.com,Violet,087 Buell Junction,San Diego,California,92170,3/11/2018
186,Jeanne,Lascelles,jlascelles55@shop-pro.jp,Aquamarine,758 Mendota Point,Carlsbad,California,92013,3/26/2018
187,Hobie,Rodder,hrodder56@prlog.org,Mauv,8263 Colorado Circle,Reno,Nevada,89595,9/18/2017
188,Harriette,Ellwand,hellwand57@nps.gov,Violet,41 Calypso Plaza,Chula Vista,California,91913,5/20/2017
189,Riane,Mingame,rmingame58@4shared.com,Indigo,4 Lighthouse Bay Terrace,Las Vegas,Nevada,89150,10/23/2017
190,Randene,Fraine,rfraine59@sun.com,Violet,0 Cordelia Lane,Moreno Valley,California,92555,12/17/2017
191,Hazlett,Sandy,hsandy5a@mtv.com,Maroon,26 Nevada Way,Newport Beach,California,92662,12/7/2017
192,Mirna,Caddies,mcaddies5b@slideshare.net,Red,41 Caliangt Trail,Long Beach,California,90831,9/11/2017
193,Cyndia,How to preserve,chowtopreserve5c@mac.com,Blue,643 Riverside Lane,Las Vegas,Nevada,89125,4/20/2018
194,Kettie,Buck,kbuck5d@taobao.com,Indigo,05380 Everett Center,Moreno Valley,California,92555,3/16/2018
195,Melania,Rushford,mrushford5e@unblog.fr,Teal,266 Truax Plaza,Irvine,California,92619,3/9/2018
196,Karel,Bromwich,kbromwich5f@cmu.edu,Green,97 Manitowish Alley,Fresno,California,93750,10/9/2017
197,Michale,Heisham,mheisham5g@hugedomains.com,Maroon,49859 Pine View Crossing,Chula Vista,California,91913,3/30/2018
198,Cullan,Dafforne,cdafforne5h@ycombinator.com,Mauv,42576 Delaware Junction,San Mateo,California,94405,4/2/2018
