id,first_name,last_name,email,color,Home Address,City,State,Zip Code,Date
1,Hugo,Imesson,himesson0@twitter.com,Violet,460 Northland Place,North Las Vegas,Nevada,89036,7/22/2017
2,Merlina,Morl,mmorl1@state.gov,Maroon,3 Hanover Pass,Los Angeles,California,90010,7/27/2017
3,Granthem,Felkin,gfelkin2@merriam-webster.com,Red,338 Glendale Park,Long Beach,California,90847,4/29/2018
4,Erhart,Macewan,emacewan3@go.com,Teal,1 Lawn Pass,Glendale,California,91210,8/18/2017
5,Christy,Hallmark,challmark4@independent.co.uk,Mauv,3 Shopko Pass,Bakersfield,California,93399,10/13/2017
6,Shannon,Mablestone,smablestone5@hibu.com,Blue,2 Summit Point,Redwood City,California,94064,3/18/2018
7,Giacopo,Hehnke,ghehnke6@harvard.edu,Crimson,02458 Mccormick Lane,Torrance,California,90505,8/15/2017
8,Isa,Addey,iaddey7@fema.gov,Purple,08 Ridgeview Court,Fresno,California,93721,12/31/2017
9,Antonius,Fullard,afullard8@ning.com,Fuscia,5074 Gina Crossing,Sparks,Nevada,89436,8/2/2017
10,Natalya,Crayton,ncrayton9@a8.net,Teal,7 Hanover Road,Las Vegas,Nevada,89166,4/23/2018
11,Jodi,Jados,jjadosa@home.pl,Purple,787 Anthes Court,Pasadena,California,91125,4/1/2018
12,Ilise,Cackett,icackettb@clickbank.net,Puce,56607 Swallow Road,Monroe,Louisiana,71208,6/7/2017
13,Ceciley,Sodo,csodoc@berkeley.edu,Khaki,8 Cherokee Crossing,Indianapolis,Indiana,46231,1/16/2018
1,Shell,Collelton,scollelton0@whitehouse.gov,Indigo,05 Lawn Road,Bethesda,Maryland,20892,8/31/2017
2,Bebe,Grevel,bgrevel1@typepad.com,Violet,4 Fisk Place,Atlanta,Georgia,30316,7/25/2017
3,Libbey,Minards,lminards2@upenn.edu,Green,36373 Holmberg Terrace,Cincinnati,Ohio,45203,3/11/2018
4,Rosalie,Pilley,rpilley3@abc.net.au,Purple,51 Ramsey Crossing,Charleston,West Virginia,25313,2/2/2018
5,Waldemar,Stitcher,wstitcher4@posterous.com,Orange,51928 Florence Lane,El Paso,Texas,88541,10/7/2017
6,Danya,Biford,dbiford5@rakuten.co.jp,Goldenrod,71138 Butternut Road,Salt Lake City,Utah,84130,1/31/2018
7,Ivor,Docksey,idocksey6@g.co,Mauv,328 Elka Street,Kansas City,Kansas,66160,11/5/2017
8,Broddy,Bezzant,bbezzant7@macromedia.com,Pink,6 Northridge Court,Arlington,Virginia,22217,8/31/2017
9,Leonelle,Leftridge,lleftridge8@ehow.com,Green,047 Porter Place,Tallahassee,Florida,32304,8/23/2017
10,Chilton,Banck,cbanck9@tinypic.com,Purple,59 Delaware Way,Sacramento,California,94245,11/30/2017
11,Jodi,Jados,jjadosa@home.pl,Purple,787 Anthes Court,Pasadena,California,91125,4/1/2018
12,Ilise,Cackett,icackettb@clickbank.net,Puce,56607 Swallow Road,Monroe,Louisiana,71208,6/7/2017
13,Ceciley,Sodo,csodoc@berkeley.edu,Khaki,8 Cherokee Crossing,Indianapolis,Indiana,46231,1/16/2018
14,Early,Brombell,ebrombelld@sciencedirect.com,Turquoise,8 Schiller Terrace,Saint Louis,Missouri,63196,1/25/2018
15,Christoforo,Ferrino,cferrinoe@apache.org,Green,873 Buena Vista Way,Bethesda,Maryland,20892,8/20/2017
16,Anallese,Jalland,ajallandf@biglobe.ne.jp,Red,602 Union Plaza,Concord,California,94522,8/27/2017
17,Ashley,Ricker,arickerg@google.it,Orange,4 Tomscot Place,Evansville,Indiana,47719,12/5/2017
18,Bernard,Screas,bscreash@unblog.fr,Aquamarine,6 Mayfield Center,Columbia,South Carolina,29220,2/16/2018
19,Lyle,Wheeldon,lwheeldoni@pcworld.com,Pink,38905 Sloan Street,Wichita,Kansas,67220,6/29/2017
20,Tonye,Parmenter,tparmenterj@blogspot.com,Indigo,0965 Melody Point,Falls Church,Virginia,22047,2/6/2018
21,Abraham,Dullard,adullardk@livejournal.com,Fuscia,03 Moland Pass,Battle Creek,Michigan,49018,2/13/2018
22,Darbie,Prescott,dprescottl@hubpages.com,Crimson,7980 Fairview Hill,Fort Pierce,Florida,34981,3/5/2018
23,Ulrike,Pawellek,upawellekm@ucoz.ru,Green,18 Manitowish Pass,Shawnee Mission,Kansas,66276,12/16/2017
24,Daniella,Marikhin,dmarikhinn@elpais.com,Indigo,78989 1st Crossing,Saint Cloud,Minnesota,56398,6/25/2017
25,Lynnelle,Bowmaker,lbowmakero@nationalgeographic.com,Orange,34 Dapin Circle,Philadelphia,Pennsylvania,19172,5/16/2017
26,Kylie,Smallwood,ksmallwoodp@cbslocal.com,Crimson,488 Declaration Crossing,Ocala,Florida,34474,3/10/2018
27,Beret,Schops,bschopsq@nba.com,Crimson,62 Shoshone Center,Orlando,Florida,32803,3/6/2018
28,Rosalia,Dikles,rdiklesr@cyberchimps.com,Fuscia,19 Corry Way,Harrisburg,Pennsylvania,17105,8/17/2017
29,Terrel,Mohring,tmohrings@ox.ac.uk,Maroon,6 Comanche Plaza,New York City,New York,10060,4/29/2018
30,Jenine,Kenrick,jkenrickt@bigcartel.com,Puce,4 Mendota Parkway,Hampton,Virginia,23668,3/22/2018
33,Colby,Bonwell,cbonwellw@amazon.com,Violet,919 Nova Road,Allentown,Pennsylvania,18105,6/5/2017
34,Griffie,Piercy,gpiercyx@wikispaces.com,Violet,665 Dryden Court,Saint Paul,Minnesota,55166,8/14/2017
35,Kata,Cotherill,kcotherilly@barnesandnoble.com,Yellow,86947 Village Parkway,Jackson,Mississippi,39282,2/19/2018
36,Babara,Castella,bcastellaz@accuweather.com,Purple,9162 Atwood Circle,Atlanta,Georgia,30316,11/11/2017
37,Tove,Tullot,ttullot10@fema.gov,Purple,53 Schlimgen Pass,Amarillo,Texas,79171,7/21/2017
38,Christal,Fassmann,cfassmann11@artisteer.com,Maroon,87 2nd Hill,Carol Stream,Illinois,60158,3/8/2018
39,Lola,Bittany,lbittany12@list-manage.com,Mauv,942 Kensington Point,San Antonio,Texas,78240,10/6/2017
40,Karola,Geane,kgeane13@nhs.uk,Puce,40339 Hovde Pass,Myrtle Beach,South Carolina,29579,9/9/2017
41,Thurston,Rickard,trickard14@shinystat.com,Crimson,94541 Morning Point,Rochester,New York,14604,12/18/2017
42,Willy,McLevie,wmclevie15@360.cn,Orange,24509 Iowa Drive,Detroit,Michigan,48211,5/15/2017
43,Sisely,Hobbing,shobbing16@diigo.com,Yellow,2821 Old Gate Court,Cincinnati,Ohio,45249,12/29/2017
44,Madella,Sich,msich17@surveymonkey.com,Violet,679 Amoth Lane,San Bernardino,California,92415,5/21/2017
45,Laurel,Bysh,lbysh18@sun.com,Orange,4 Sundown Park,Henderson,Nevada,89012,1/14/2018
46,Angel,Savell,asavell19@yolasite.com,Green,3 Mosinee Point,Phoenix,Arizona,85053,7/2/2017
47,Luz,Jewster,ljewster1a@chronoengine.com,Green,5 Erie Court,Arlington,Virginia,22244,4/12/2018
48,Georgi,Blaske,gblaske1b@columbia.edu,Puce,90 Mccormick Avenue,Sioux Falls,South Dakota,57188,8/25/2017
49,Roobbie,Audenis,raudenis1c@ibm.com,Yellow,8583 Buell Avenue,Delray Beach,Florida,33448,4/18/2018
50,Dorolisa,Joselevitch,djoselevitch1d@bbc.co.uk,Puce,417 High Crossing Parkway,Spartanburg,South Carolina,29305,3/2/2018
51,Jameson,Romao,jromao1e@accuweather.com,Khaki,3663 Nevada Crossing,Columbus,Georgia,31914,6/21/2017
52,Bobette,Shorey,bshorey1f@hatena.ne.jp,Teal,8 Mayer Lane,Charlotte,North Carolina,28220,6/10/2017
53,Giff,Cowe,gcowe1g@ocn.ne.jp,Khaki,1984 Banding Terrace,Houston,Texas,77250,10/13/2017
54,Bendix,Ilyukhov,bilyukhov1h@dropbox.com,Aquamarine,9 Burning Wood Road,Sioux Falls,South Dakota,57110,9/24/2017
55,Korrie,Maraga,kmaraga1i@google.fr,Teal,714 Del Sol Alley,Berkeley,California,94705,7/13/2017
56,Chrissy,McCutheon,cmccutheon1j@google.ru,Violet,208 Waywood Point,Wilmington,Delaware,19886,5/3/2018
57,Theresina,Newbigging,tnewbigging1k@edublogs.org,Purple,8 Hoffman Park,Charlotte,North Carolina,28235,9/18/2017
58,Gerik,Eggleton,geggleton1l@ucoz.ru,Violet,6195 Eggendart Crossing,Pittsburgh,Pennsylvania,15250,5/23/2017
59,Roby,Jolliffe,rjolliffe1m@chron.com,Khaki,28 Pennsylvania Alley,York,Pennsylvania,17405,10/25/2017
60,Millicent,Graddon,mgraddon1n@sitemeter.com,Aquamarine,58 5th Terrace,Charlotte,North Carolina,28242,8/28/2017
61,Yovonnda,Scherer,yscherer1o@digg.com,Goldenrod,98 Lotheville Pass,San Diego,California,92137,7/1/2017
62,Thorin,Eighteen,teighteen1p@whitehouse.gov,Red,67 Hauk Center,Knoxville,Tennessee,37924,4/18/2018
63,Theo,Muncie,tmuncie1q@google.de,Turquoise,9548 Petterle Plaza,Pittsburgh,Pennsylvania,15261,4/20/2018
64,Kizzee,Feldmark,kfeldmark1r@lulu.com,Green,970 Portage Center,Baltimore,Maryland,21239,8/4/2017
65,Coraline,Woollard,cwoollard1s@wikia.com,Green,05 Merrick Avenue,Sacramento,California,94257,8/26/2017
66,Garfield,Nutton,gnutton1t@china.com.cn,Puce,1 Mendota Junction,Fargo,North Dakota,58106,9/15/2017
67,Shannon,Grindall,sgrindall1u@webnode.com,Khaki,7636 Morningstar Circle,Toledo,Ohio,43699,8/12/2017
68,Mady,Gavigan,mgavigan1v@google.fr,Crimson,428 Onsgard Parkway,Tuscaloosa,Alabama,35487,4/14/2018
69,Engelbert,Katzmann,ekatzmann1w@mapquest.com,Mauv,93 Center Alley,San Francisco,California,94177,2/9/2018
70,Selena,Cosgrove,scosgrove1x@moonfruit.com,Puce,9 Forest Dale Terrace,Grand Rapids,Michigan,49510,10/2/2017
71,Modesta,Goshawke,mgoshawke1y@kickstarter.com,Khaki,1834 Hauk Trail,Saint Paul,Minnesota,55108,5/3/2018
72,Gussy,Mozzini,gmozzini1z@timesonline.co.uk,Orange,4 Vermont Hill,Oakland,California,94605,11/21/2017
73,Ennis,De Atta,edeatta20@ask.com,Pink,137 Jana Street,Troy,Michigan,48098,10/17/2017
74,Ertha,Ternault,eternault21@epa.gov,Green,65009 Express Parkway,Fort Lauderdale,Florida,33345,2/7/2018
75,Angelika,Mickelwright,amickelwright22@narod.ru,Orange,41859 Eastwood Parkway,Arlington,Virginia,22217,3/24/2018
76,Brigham,Bowmer,bbowmer23@narod.ru,Blue,974 Fremont Pass,Albany,New York,12255,12/26/2017
77,Falkner,Laurencot,flaurencot24@angelfire.com,Goldenrod,66 Anhalt Street,Hamilton,Ohio,45020,3/7/2018
78,Dee,Codman,dcodman25@hexun.com,Turquoise,816 West Hill,Jacksonville,Florida,32215,9/17/2017
79,Addison,Godsmark,agodsmark26@hugedomains.com,Violet,99122 Stang Crossing,Canton,Ohio,44720,5/6/2018
80,Carlen,Carillo,ccarillo27@sciencedirect.com,Blue,9254 Kropf Park,Indianapolis,Indiana,46278,5/9/2018
81,Cherilyn,Brettoner,cbrettoner28@123-reg.co.uk,Violet,732 Dovetail Center,Fayetteville,North Carolina,28314,1/12/2018
82,Maggie,Cathersides,mcathersides29@netlog.com,Aquamarine,478 Pankratz Parkway,Asheville,North Carolina,28805,2/9/2018
83,Joelie,Gallally,jgallally2a@google.com.br,Blue,87 Jana Trail,Canton,Ohio,44705,4/21/2018
84,Lark,Giamitti,lgiamitti2b@altervista.org,Fuscia,85709 Kings Drive,Salt Lake City,Utah,84140,3/23/2018
85,Boycey,Rosa,brosa2c@prlog.org,Yellow,12892 Anderson Circle,Charleston,West Virginia,25321,2/1/2018
86,Sherman,Croall,scroall2d@yahoo.co.jp,Crimson,4 Dorton Road,Baltimore,Maryland,21239,2/5/2018
87,Guntar,De Michele,gdemichele2e@vk.com,Blue,9151 New Castle Trail,Atlanta,Georgia,30356,9/23/2017
88,Emilee,Fairbourne,efairbourne2f@wiley.com,Indigo,3869 Mitchell Crossing,Minneapolis,Minnesota,55487,9/29/2017
89,Casie,De Malchar,cdemalchar2g@ycombinator.com,Indigo,675 Paget Plaza,Indianapolis,Indiana,46221,9/27/2017
90,Swen,Ellson,sellson2h@ibm.com,Aquamarine,7986 Pierstorff Pass,Young America,Minnesota,55564,5/7/2018
91,Curr,McIllroy,cmcillroy2i@addthis.com,Yellow,26759 Briar Crest Street,Erie,Pennsylvania,16534,11/30/2017
92,Adriena,Iddens,aiddens2j@msu.edu,Turquoise,817 Arrowood Point,New York City,New York,10155,5/15/2017
93,Gertie,Bendan,gbendan2k@reddit.com,Turquoise,86616 Almo Terrace,North Las Vegas,Nevada,89036,4/15/2018
94,Melodee,Simmank,msimmank2l@symantec.com,Yellow,148 Kinsman Park,San Antonio,Texas,78245,1/25/2018
95,Clayborne,Barns,cbarns2m@istockphoto.com,Turquoise,24 Twin Pines Lane,Cheyenne,Wyoming,82007,4/10/2018
96,Alfredo,Dumbare,adumbare2n@mac.com,Aquamarine,9133 Gina Hill,Naples,Florida,33961,3/2/2018
97,Catlee,Guerrin,cguerrin2o@alibaba.com,Orange,22 Chinook Drive,Lexington,Kentucky,40591,9/29/2017
98,Tomas,Carreyette,tcarreyette2p@tmall.com,Aquamarine,04456 Badeau Junction,Nashville,Tennessee,37220,7/3/2017
99,Kaitlyn,Loding,kloding2q@quantcast.com,Red,473 Troy Road,Mobile,Alabama,36670,9/13/2017
100,Devy,Dymocke,ddymocke2r@earthlink.net,Fuscia,9460 Dawn Terrace,Portland,Oregon,97296,11/13/2017
101,Mavra,Castaignet,mcastaignet2s@gmpg.org,Green,68813 International Circle,Greenville,South Carolina,29615,2/26/2018
102,Gay,Meenan,gmeenan2t@ask.com,Puce,55 Cody Pass,Washington,District of Columbia,20470,3/29/2018
103,Marius,Knights,mknights2u@github.com,Turquoise,75 Summit Road,Boston,Massachusetts,02109,4/15/2018
104,Lela,Rebbeck,lrebbeck2v@walmart.com,Pink,6 Carberry Junction,Washington,District of Columbia,20310,3/25/2018
105,Peyter,Attoe,pattoe2w@redcross.org,Mauv,3188 Dwight Trail,San Antonio,Texas,78260,12/22/2017
106,Alethea,Kubin,akubin2x@e-recht24.de,Indigo,0103 Kennedy Circle,Davenport,Iowa,52804,9/2/2017
107,Cosmo,Filippazzo,cfilippazzo2y@cmu.edu,Mauv,15 Hallows Park,Tampa,Florida,33625,1/5/2018
108,Marvin,Vedekhov,mvedekhov2z@telegraph.co.uk,Fuscia,46053 Pennsylvania Center,Miami,Florida,33261,7/18/2017
109,Brigg,Ferfulle,bferfulle30@shareasale.com,Puce,87360 Hauk Terrace,Fort Lauderdale,Florida,33315,2/25/2018
110,Zack,Aulds,zaulds31@cbslocal.com,Mauv,43948 Oriole Alley,Los Angeles,California,90010,8/21/2017
111,Davina,Kadwallider,dkadwallider32@drupal.org,Red,7445 Pine View Terrace,Jackson,Mississippi,39204,12/31/2017
112,Parsifal,Moyser,pmoyser33@gizmodo.com,Indigo,8 Maywood Way,Salt Lake City,Utah,84189,11/29/2017
113,Patrizia,Mattiello,pmattiello34@dyndns.org,Goldenrod,87 Grim Crossing,Baton Rouge,Louisiana,70836,12/12/2017
114,Shurwood,Yesipov,syesipov35@dropbox.com,Teal,02999 Waubesa Terrace,Charlotte,North Carolina,28242,3/27/2018
115,Julianne,Gullen,jgullen36@cam.ac.uk,Maroon,993 Butternut Drive,Richmond,Virginia,23208,4/28/2018
116,Drucill,Hartly,dhartly37@a8.net,Mauv,5 Dunning Terrace,Springfield,Massachusetts,01105,6/17/2017
117,Georgianne,Eastop,geastop38@miitbeian.gov.cn,Purple,8335 Commercial Hill,Des Moines,Iowa,50393,8/26/2017
118,Rosanne,Curgenven,rcurgenven39@house.gov,Goldenrod,48157 Bellgrove Trail,El Paso,Texas,88558,10/2/2017
119,Pauline,Adamczewski,padamczewski3a@mozilla.com,Teal,0083 Dwight Avenue,Lexington,Kentucky,40586,2/19/2018
120,Mela,Libero,mlibero3b@cbc.ca,Aquamarine,5125 Saint Paul Way,Sacramento,California,95865,1/5/2018
121,Carmelle,Leathlay,cleathlay3c@icio.us,Purple,309 Kenwood Parkway,Garland,Texas,75044,6/14/2017
122,Nan,Goldston,ngoldston3d@sphinn.com,Green,38169 Ramsey Plaza,Tampa,Florida,33605,8/14/2017
123,Kim,Hanalan,khanalan3e@hibu.com,Indigo,5 Merrick Alley,New Orleans,Louisiana,70160,1/7/2018
128,Anna-maria,Ceney,aceney3j@mlb.com,Fuscia,95465 Mccormick Hill,Hattiesburg,Mississippi,39404,7/5/2017
129,Lia,Blaxeland,lblaxeland3k@shop-pro.jp,Aquamarine,22338 Spaight Junction,Charlotte,North Carolina,28205,4/15/2018
130,Itch,Amott,iamott3l@bandcamp.com,Goldenrod,766 Reindahl Place,Decatur,Illinois,62525,8/2/2017
131,Allayne,Ruseworth,aruseworth3m@cloudflare.com,Red,6 Center Hill,Albany,New York,12247,2/20/2018
132,Carmelle,Itzkovsky,citzkovsky3n@tumblr.com,Blue,121 Waywood Park,Greenville,South Carolina,29605,2/19/2018
133,Kandace,Norquoy,knorquoy3o@dagondesign.com,Pink,7986 Forest Dale Point,Albany,New York,12222,1/16/2018
134,Blair,Chrystie,bchrystie3p@ucoz.com,Crimson,820 Fisk Crossing,Denver,Colorado,80223,11/7/2017
135,Rikki,Lorkings,rlorkings3q@godaddy.com,Indigo,48 High Crossing Plaza,Richmond,Virginia,23208,10/7/2017
136,Yul,Bratton,ybratton3r@netlog.com,Goldenrod,87 Kings Hill,Shawnee Mission,Kansas,66215,3/2/2018
137,Harv,Kolodziejski,hkolodziejski3s@1und1.de,Pink,258 Golf View Place,South Bend,Indiana,46699,5/6/2018
138,Dion,Brundrett,dbrundrett3t@home.pl,Crimson,6815 Loftsgordon Hill,Pinellas Park,Florida,34665,12/16/2017
139,Elwin,Dreini,edreini3u@google.ru,Maroon,63518 Redwing Plaza,Syracuse,New York,13210,3/4/2018
140,Kaylil,Litton,klitton3v@hugedomains.com,Aquamarine,34402 Independence Way,Marietta,Georgia,30066,10/22/2017
141,Brynne,Chastelain,bchastelain3w@usatoday.com,Crimson,19 Hayes Center,Norwalk,Connecticut,06854,8/29/2017
142,Kelley,Volante,kvolante3x@latimes.com,Puce,55 Cody Trail,Orlando,Florida,32813,9/17/2017
143,Konstantine,Toderini,ktoderini3y@statcounter.com,Fuscia,19710 Stoughton Drive,West Palm Beach,Florida,33416,6/12/2017
144,Farah,Bilton,fbilton3z@ustream.tv,Orange,6036 Daystar Circle,Pittsburgh,Pennsylvania,15220,11/15/2017
145,Ardyce,Oldaker,aoldaker40@msu.edu,Indigo,5010 Pine View Point,Houston,Texas,77271,7/6/2017
146,Lyndy,Chinery,lchinery41@army.mil,Puce,49 Spaight Park,Wilmington,Delaware,19892,12/28/2017
147,Sarajane,Marton,smarton42@unblog.fr,Teal,54152 Redwing Circle,El Paso,Texas,79989,8/20/2017
148,Hamid,Banane,hbanane43@ebay.com,Yellow,3 Northfield Crossing,Houston,Texas,77288,7/14/2017
150,Cello,Wogden,cwogden45@auda.org.au,Purple,0 Northfield Point,Durham,North Carolina,27710,4/12/2018
151,Rustin,Lambertini,rlambertini46@nih.gov,Puce,16 Clyde Gallagher Drive,Indianapolis,Indiana,46207,11/3/2017
152,Thelma,Brolan,tbrolan47@lycos.com,Puce,91 Bashford Way,Montgomery,Alabama,36119,1/14/2018
158,Mose,West,mwest4d@baidu.com,Mauv,92733 Corry Center,Minneapolis,Minnesota,55441,12/26/2017
159,Ev,Enns,eenns4e@indiegogo.com,Aquamarine,9929 Schurz Center,Miami,Florida,33147,6/25/2017
160,Abeu,Eisenberg,aeisenberg4f@geocities.com,Purple,9710 Burning Wood Court,Fresno,California,93709,8/16/2017
161,Chiarra,Huntley,chuntley4g@mac.com,Maroon,39293 Mandrake Alley,Albany,New York,12232,8/14/2017
162,Tallou,Lyon,tlyon4h@newyorker.com,Purple,06937 Evergreen Court,Santa Barbara,California,93106,1/20/2018
163,Stan,Hamelyn,shamelyn4i@dagondesign.com,Yellow,7147 Emmet Avenue,Port Saint Lucie,Florida,34985,1/14/2018
164,Adelice,Scarsbrook,ascarsbrook4j@discovery.com,Blue,114 Sommers Center,Young America,Minnesota,55564,2/5/2018
165,Jeramie,Scotchmer,jscotchmer4k@homestead.com,Orange,84985 Corscot Drive,Sacramento,California,94263,7/16/2017
166,Rayshell,Piborn,rpiborn4l@mail.ru,Red,8631 Veith Point,Elmira,New York,14905,11/4/2017
167,Judye,Beefon,jbeefon4m@fda.gov,Khaki,57 Jackson Center,Greenville,South Carolina,29615,5/15/2017
168,Abbi,Echalie,aechalie4n@bizjournals.com,Indigo,52 Cherokee Plaza,Long Beach,California,90810,8/19/2017
179,Erie,Vlasyev,evlasyev4y@blogspot.com,Purple,2248 Gateway Hill,Arlington,Virginia,22225,10/17/2017
180,Cherey,Jagoe,cjagoe4z@loc.gov,Khaki,54827 Charing Cross Avenue,Odessa,Texas,79764,9/13/2017
181,Herb,Sauvain,hsauvain50@washingtonpost.com,Teal,3624 Meadow Valley Place,Springfield,Illinois,62756,7/8/2017
182,Phedra,Brightman,pbrightman51@lycos.com,Purple,49 Redwing Avenue,Charlotte,North Carolina,28284,4/25/2018
183,Jobey,Jamme,jjamme52@themeforest.net,Turquoise,592 Twin Pines Court,Tacoma,Washington,98411,2/6/2018
184,Marcie,Norvell,mnorvell53@virginia.edu,Aquamarine,79 Corry Parkway,Paterson,New Jersey,07505,12/28/2017
185,Julissa,Burkhill,jburkhill54@stanford.edu,Teal,1 Eastwood Junction,Zephyrhills,Florida,33543,6/25/2017
186,Valida,Aldgate,valdgate55@cpanel.net,Maroon,622 Basil Terrace,Lawrenceville,Georgia,30045,5/12/2018
187,Sherrie,Shatford,sshatford56@amazon.com,Red,0 Brown Place,Pittsburgh,Pennsylvania,15250,8/8/2017
188,Bertie,Dartnall,bdartnall57@usatoday.com,Pink,65979 Annamark Trail,Newark,Delaware,19714,4/8/2018
189,Ailyn,Khristyukhin,akhristyukhin58@economist.com,Turquoise,660 Oakridge Court,El Paso,Texas,88553,4/9/2018
190,Lynn,Finder,lfinder59@washingtonpost.com,Khaki,7959 Pearson Circle,Oakland,California,94616,4/18/2018
191,Fina,Dengel,fdengel5a@tripod.com,Purple,23 Nelson Pass,Chicago,Illinois,60697,3/27/2018
192,Skip,O'Hartnedy,sohartnedy5b@mapy.cz,Mauv,7 Tony Road,Honolulu,Hawaii,96810,1/18/2018
193,Victor,McCrann,vmccrann5c@zdnet.com,Green,7367 Superior Plaza,Cincinnati,Ohio,45254,2/6/2018
194,Editha,Bartolommeo,ebartolommeo5d@sohu.com,Khaki,619 Maryland Drive,Bridgeport,Connecticut,06673,5/11/2018
195,Kerk,Armell,karmell5e@plala.or.jp,Violet,03 Maryland Road,Round Rock,Texas,78682,3/5/2018
196,Clarita,Beadnell,cbeadnell5f@unblog.fr,Crimson,19 Weeping Birch Point,New Orleans,Louisiana,70129,1/16/2018
197,Rosalyn,Emeline,remeline5g@domainmarket.com,Violet,84 Cody Drive,Fresno,California,93794,11/15/2017
198,Darby,Torrijos,dtorrijos5h@ameblo.jp,Indigo,25164 Shopko Crossing,Syracuse,New York,13217,7/14/2017
199,Rosalynd,Piesing,rpiesing5i@histats.com,Teal,691 Russell Alley,North Port,Florida,34290,1/28/2018
200,Gwendolyn,Munks,gmunks5j@whitehouse.gov,Purple,87172 Little Fleur Drive,San Antonio,Texas,78296,1/11/2018
201,Thacher,Caig,tcaig5k@npr.org,Purple,391 New Castle Street,Boston,Massachusetts,02216,4/8/2018
195,Melania,Rushford,mrushford5e@unblog.fr,Teal,266 Truax Plaza,Irvine,California,92619,3/9/2018
196,Karel,Bromwich,kbromwich5f@cmu.edu,Green,97 Manitowish Alley,Fresno,California,93750,10/9/2017
197,Michale,Heisham,mheisham5g@hugedomains.com,Maroon,49859 Pine View Crossing,Chula Vista,California,91913,3/30/2018
198,Cullan,Dafforne,cdafforne5h@ycombinator.com,Mauv,42576 Delaware Junction,San Mateo,California,94405,4/2/2018
